table,us_node_id,us_node_id_flag,ds_node_id,ds_node_id_flag,link_suffix,link_suffix_flag,alt_customer_points,bends,customer_points,notes,spatial_data,area,area_flag,isolation_area,isolation_area_flag,asset_id,asset_id_flag,local_loss,local_loss_flag,iwlive_can_be_closed,iwlive_can_be_closed_flag,length,length_flag,diameter,diameter_flag,roughness_type,roughness_type_flag,k,k_flag,darcy_weissbach,darcy_weissbach_flag,hazen_williams,hazen_williams_flag,modified_hazen_williams,modified_hazen_williams_flag,material,material_flag,construction_date,construction_date_flag,year,year_flag,bulk_coeff,bulk_coeff_flag,CO2cost,CO2cost_flag,wall_coeff,wall_coeff_flag,system_type,system_type_flag,criticality,criticality_flag,criticality_count,criticality_count_flag,wave_celerity,wave_celerity_flag,pressure_rating,pressure_rating_flag,asset_uid,asset_uid_flag,asset_network_uid,user_number_1,user_number_1_flag,user_number_2,user_number_2_flag,user_number_3,user_number_3_flag,user_number_4,user_number_4_flag,user_number_5,user_number_5_flag,user_number_6,user_number_6_flag,user_number_7,user_number_7_flag,user_number_8,user_number_8_flag,user_number_9,user_number_9_flag,user_number_10,user_number_10_flag,user_number_11,user_number_11_flag,user_number_12,user_number_12_flag,user_number_13,user_number_13_flag,user_number_14,user_number_14_flag,user_number_15,user_number_15_flag,hotlinks,user_text_1,user_text_1_flag,user_text_2,user_text_2_flag,user_text_3,user_text_3_flag,user_text_4,user_text_4_flag,user_text_5,user_text_5_flag,user_text_6,user_text_6_flag,user_text_7,user_text_7_flag,user_text_8,user_text_8_flag,user_text_9,user_text_9_flag,user_text_10,user_text_10_flag,user_text_11,user_text_11_flag,user_text_12,user_text_12_flag,user_text_13,user_text_13_flag,user_text_14,user_text_14_flag,user_text_15,user_text_15_flag
wn_pipe,3,#I,20,#I,1,#I,#<WSStructure:0x000217dc307f78>,[8.964168000035857; 8.311896000033247; 8.973312000035893; 8.20216800003281],#<WSStructure:0x000217dc307b90>,,#<WSStructure:0x000217dc307938>,,,,,20,#I,0.0,#I,false,,30.175199508666992,#I,2514.60009765625,#I,HW,#I,,,,,199.0,#I,,,,,,,,,0.0,#I,,,0.0,#I,,,,,,,1400.0,,,,,,,,,,,,,,,,,,,,,,,,,,,,,,,,,,,,,,,#I,,,,,,,,,,,,,,,,,,,,,,,,,,,,
wn_pipe,1,#I,40,#I,1,#I,#<WSStructure:0x000217dc2fdb68>,[8.36980800003348; 2.9992320000119967; 8.235696000032943; 2.9900880000119607],#<WSStructure:0x000217dc2fd7a8>,,#<WSStructure:0x000217dc2fd550>,,,,,40,#I,0.0,#I,false,,30.175199508666992,#I,2514.60009765625,#I,HW,#I,,,,,199.0,#I,,,,,,,,,0.0,#I,,,0.0,#I,,,,,,,1400.0,,,,,,,,,,,,,,,,,,,,,,,,,,,,,,,,,,,,,,,#I,,,,,,,,,,,,,,,,,,,,,,,,,,,,
wn_pipe,2,#I,50,#I,1,#I,#<WSStructure:0x000217dc2ef540>,[10.055352000040223; 1.0515600000042062; 10.061448000040246; 0.9174480000036698],#<WSStructure:0x000217dc2ef108>,,#<WSStructure:0x000217dc2eee88>,,,,,50,#I,0.0,#I,false,,30.175199508666992,#I,2514.60009765625,#I,HW,#I,,,,,199.0,#I,,,,,,,,,0.0,#I,,,0.0,#I,,,,,,,1400.0,,,,,,,,,,,,,,,,,,,,,,,,,,,,,,,,,,,,,,,#I,,,,,,,,,,,,,,,,,,,,,,,,,,,,
wn_pipe,RIVER,#I,60,#I,1,#I,#<WSStructure:0x000217dc2e4e88>,[7.360920000029443; 9.467088000037869; 7.2847200000291386; 9.125712000036504],#<WSStructure:0x000217dc2e4a50>,,#<WSStructure:0x000217dc2e47d0>,,,,,60,#I,0.0,#I,false,,375.20880126953125,#I,609.6000366210938,#I,HW,#I,,,,,140.0,#I,,,,,,,,,0.0,#I,,,0.0,#I,,,,,,,1400.0,,,,,,,,,,,,,,,,,,,,,,,,,,,,,,,,,,,,,,,#I,,,,,,,,,,,,,,,,,,,,,,,,,,,,
wn_pipe,10,#I,101,#I,1,#I,#<WSStructure:0x000217dc2d6838>,[2.743200000010973; 8.488680000033956; 4.209288000016837; 6.992112000027969],#<WSStructure:0x000217dc2d6400>,,#<WSStructure:0x000217dc2d6158>,,,,,101,#I,0.0,#I,false,,4328.16015625,#I,457.20001220703125,#I,HW,#I,,,,,110.0,#I,,,,,,,,,0.0,#I,,,0.0,#I,,,,,,,1400.0,,,,,,,,,,,,,,,,,,,,,,,,,,,,,,,,,,,,,,,#I,,,,,,,,,,,,,,,,,,,,,,,,,,,,
wn_pipe,101,#I,103,#I,1,#I,#<WSStructure:0x000217dc2cc180>,[4.209288000016837; 6.992112000027969; 3.950208000015801; 6.4952880000259805],#<WSStructure:0x000217dc2c7d88>,,#<WSStructure:0x000217dc2c7b30>,,,,,103,#I,0.0,#I,false,,411.4800109863281,#I,406.3999938964844,#I,HW,#I,,,,,130.0,#I,,,,,,,,,0.0,#I,,,0.0,#I,,,,,,,1400.0,,,,,,,,,,,,,,,,,,,,,,,,,,,,,,,,,,,,,,,#I,,,,,,,,,,,,,,,,,,,,,,,,,,,,
wn_pipe,101,#I,105,#I,1,#I,#<WSStructure:0x000217dc2bdbf8>,[4.209288000016837; 6.992112000027969; 5.17245600002069; 6.486144000025945],#<WSStructure:0x000217dc2bd838>,,#<WSStructure:0x000217dc2bd5e0>,,,,,105,#I,0.0,#I,false,,774.1920166015625,#I,304.8000183105469,#I,HW,#I,,,,,130.0,#I,,,,,,,,,0.0,#I,,,0.0,#I,,,,,,,1400.0,,,,,,,,,,,,,,,,,,,,,,,,,,,,,,,,,,,,,,,#I,,,,,,,,,,,,,,,,,,,,,,,,,,,,
wn_pipe,105,#I,107,#I,1,#I,#<WSStructure:0x000217dc2af6c0>,[5.17245600002069; 6.486144000025945; 5.623560000022494; 6.236208000024945],#<WSStructure:0x000217dc2af288>,,#<WSStructure:0x000217dc2aefe0>,,,,,107,#I,0.0,#I,false,,448.0559997558594,#I,304.8000183105469,#I,HW,#I,,,,,130.0,#I,,,,,,,,,0.0,#I,,,0.0,#I,,,,,,,1400.0,,,,,,,,,,,,,,,,,,,,,,,,,,,,,,,,,,,,,,,#I,,,,,,,,,,,,,,,,,,,,,,,,,,,,
wn_pipe,103,#I,109,#I,1,#I,#<WSStructure:0x000217dc2a4f90>,[3.950208000015801; 6.4952880000259805; 5.376672000021507; 5.766816000023068],#<WSStructure:0x000217dc2a4bd0>,,#<WSStructure:0x000217dc2a4978>,,,,,109,#I,0.0,#I,false,,1200.9119873046875,#I,406.3999938964844,#I,HW,#I,,,,,130.0,#I,,,,,,,,,0.0,#I,,,0.0,#I,,,,,,,1400.0,,,,,,,,,,,,,,,,,,,,,,,,,,,,,,,,,,,,,,,#I,,,,,,,,,,,,,,,,,,,,,,,,,,,,
wn_pipe,109,#I,111,#I,1,#I,#<WSStructure:0x000217dc296918>,[5.376672000021507; 5.766816000023068; 6.16000800002464; 5.343144000021373],#<WSStructure:0x000217dc296558>,,#<WSStructure:0x000217dc296300>,,,,,111,#I,0.0,#I,false,,609.5999755859375,#I,304.8000183105469,#I,HW,#I,,,,,130.0,#I,,,,,,,,,0.0,#I,,,0.0,#I,,,,,,,1400.0,,,,,,,,,,,,,,,,,,,,,,,,,,,,,,,,,,,,,,,#I,,,,,,,,,,,,,,,,,,,,,,,,,,,,
wn_pipe,115,#I,111,#I,1,#I,#<WSStructure:0x000217dc28c4e0>,[6.3947040000255795; 5.846064000023384; 6.16000800002464; 5.343144000021373],#<WSStructure:0x000217dc28c120>,,#<WSStructure:0x000217dc287e90>,,,,,112,#I,0.0,#I,false,,353.5679931640625,#I,304.8000183105469,#I,HW,#I,,,,,130.0,#I,,,,,,,,,0.0,#I,,,0.0,#I,,,,,,,1400.0,,,,,,,,,,,,,,,,,,,,,,,,,,,,,,,,,,,,,,,#I,,,,,,,,,,,,,,,,,,,,,,,,,,,,
wn_pipe,111,#I,113,#I,1,#I,#<WSStructure:0x000217dc27e020>,[6.16000800002464; 5.343144000021373; 6.717792000026871; 5.062728000020251],#<WSStructure:0x000217dc27dc60>,,#<WSStructure:0x000217dc27da08>,,,,,113,#I,0.0,#I,false,,512.0640258789062,#I,304.8000183105469,#I,HW,#I,,,,,130.0,#I,,,,,,,,,0.0,#I,,,0.0,#I,,,,,,,1400.0,,,,,,,,,,,,,,,,,,,,,,,,,,,,,,,,,,,,,,,#I,,,,,,,,,,,,,,,,,,,,,,,,,,,,
wn_pipe,115,#I,113,#I,1,#I,#<WSStructure:0x000217dc26fbb0>,[6.3947040000255795; 5.846064000023384; 6.717792000026871; 5.062728000020251],#<WSStructure:0x000217dc26f7a0>,,#<WSStructure:0x000217dc26f4f8>,,,,,114,#I,0.0,#I,false,,609.5999755859375,#I,203.1999969482422,#I,HW,#I,,,,,130.0,#I,,,,,,,,,0.0,#I,,,0.0,#I,,,,,,,1400.0,,,,,,,,,,,,,,,,,,,,,,,,,,,,,,,,,,,,,,,#I,,,,,,,,,,,,,,,,,,,,,,,,,,,,
wn_pipe,107,#I,115,#I,1,#I,#<WSStructure:0x000217dc2655c0>,[5.623560000022494; 6.236208000024945; 6.3947040000255795; 5.846064000023384],#<WSStructure:0x000217dc265188>,,#<WSStructure:0x000217dc264ee0>,,,,,115,#I,0.0,#I,false,,594.3599853515625,#I,203.1999969482422,#I,HW,#I,,,,,130.0,#I,,,,,,,,,0.0,#I,,,0.0,#I,,,,,,,1400.0,,,,,,,,,,,,,,,,,,,,,,,,,,,,,,,,,,,,,,,#I,,,,,,,,,,,,,,,,,,,,,,,,,,,,
wn_pipe,113,#I,193,#I,1,#I,#<WSStructure:0x000217dc256fc0>,[6.717792000026871; 5.062728000020251; 6.9738240000278955; 4.373880000017495],#<WSStructure:0x000217dc256c00>,,#<WSStructure:0x000217dc2569a8>,,,,,116,#I,0.0,#I,false,,505.9679870605469,#I,304.8000183105469,#I,HW,#I,,,,,130.0,#I,,,,,,,,,0.0,#I,,,0.0,#I,,,,,,,1400.0,,,,,,,,,,,,,,,,,,,,,,,,,,,,,,,,,,,,,,,#I,,,,,,,,,,,,,,,,,,,,,,,,,,,,
wn_pipe,263,#I,105,#I,1,#I,#<WSStructure:0x000217dc247160>,[6.193536000024775; 6.574536000026298; 5.17245600002069; 6.486144000025945],#<WSStructure:0x000217dc246cd8>,,#<WSStructure:0x000217dc246a80>,,,,,117,#I,0.0,#I,false,,830.5800170898438,#I,304.8000183105469,#I,HW,#I,,,,,130.0,#I,,,,,,,,,0.0,#I,,,0.0,#I,,,,,,,1400.0,,,,,,,,,,,,,,,,,,,,,,,,,,,,,,,,,,,,,,,#I,,,,,,,,,,,,,,,,,,,,,,,,,,,,
wn_pipe,115,#I,117,#I,1,#I,#<WSStructure:0x000217dc1e4600>,[6.3947040000255795; 5.846064000023384; 6.611112000026445; 6.486144000025945],#<WSStructure:0x000217dc1e41f0>,,#<WSStructure:0x000217dc1dff88>,,,,,119,#I,0.0,#I,false,,664.4639892578125,#I,304.8000183105469,#I,HW,#I,,,,,130.0,#I,,,,,,,,,0.0,#I,,,0.0,#I,,,,,,,1400.0,,,,,,,,,,,,,,,,,,,,,,,,,,,,,,,,,,,,,,,#I,,,,,,,,,,,,,,,,,,,,,,,,,,,,
wn_pipe,119,#I,120,#I,1,#I,#<WSStructure:0x000217dc1d5f38>,[7.223760000028895; 6.93724800002775; 6.72998400002692; 7.040880000028164],#<WSStructure:0x000217dc1d5b50>,,#<WSStructure:0x000217dc1d58d0>,,,,,120,#I,0.0,#I,false,,222.50399780273438,#I,304.8000183105469,#I,HW,#I,,,,,130.0,#I,,,,,,,,,0.0,#I,,,0.0,#I,,,,,,,1400.0,,,,,,,,,,,,,,,,,,,,,,,,,,,,,,,,,,,,,,,#I,,,,,,,,,,,,,,,,,,,,,,,,,,,,
wn_pipe,120,#I,117,#I,1,#I,#<WSStructure:0x000217dc1c7820>,[6.72998400002692; 7.040880000028164; 6.611112000026445; 6.486144000025945],#<WSStructure:0x000217dc1c7410>,,#<WSStructure:0x000217dc1c7168>,,,,,121,#I,0.0,#I,false,,569.9760131835938,#I,304.8000183105469,#I,HW,#I,,,,,130.0,#I,,,,,,,,,0.0,#I,,,0.0,#I,,,,,,,1400.0,,,,,,,,,,,,,,,,,,,,,,,,,,,,,,,,,,,,,,,#I,,,,,,,,,,,,,,,,,,,,,,,,,,,,
wn_pipe,121,#I,120,#I,1,#I,#<WSStructure:0x000217dc1bcb00>,[7.1749920000287; 7.77240000003109; 6.72998400002692; 7.040880000028164],#<WSStructure:0x000217dc1bc740>,,#<WSStructure:0x000217dc1bc4c0>,,,,,122,#I,0.0,#I,false,,624.8400268554688,#I,203.1999969482422,#I,HW,#I,,,,,130.0,#I,,,,,,,,,0.0,#I,,,0.0,#I,,,,,,,1400.0,,,,,,,,,,,,,,,,,,,,,,,,,,,,,,,,,,,,,,,#I,,,,,,,,,,,,,,,,,,,,,,,,,,,,
wn_pipe,121,#I,119,#I,1,#I,#<WSStructure:0x000217dc194218>,[7.1749920000287; 7.77240000003109; 7.223760000028895; 6.93724800002775],#<WSStructure:0x000217dc18fd58>,,#<WSStructure:0x000217dc18fb00>,,,,,123,#I,0.0,#I,false,,609.5999755859375,#I,762.0,#I,HW,#I,,,,,141.0,#I,,,,,,,,,0.0,#I,,,0.0,#I,,,,,,,1400.0,,,,,,,,,,,,,,,,,,,,,,,,,,,,,,,,,,,,,,,#I,,,,,,,,,,,,,,,,,,,,,,,,,,,,
wn_pipe,123,#I,121,#I,1,#I,#<WSStructure:0x000217dc1858a8>,[7.123176000028494; 8.324088000033296; 7.1749920000287; 7.77240000003109],#<WSStructure:0x000217dc185470>,,#<WSStructure:0x000217dc185218>,,,,,125,#I,0.0,#I,false,,457.20001220703125,#I,762.0,#I,HW,#I,,,,,141.0,#I,,,,,,,,,0.0,#I,,,0.0,#I,,,,,,,1400.0,,,,,,,,,,,,,,,,,,,,,,,,,,,,,,,,,,,,,,,#I,,,,,,,,,,,,,,,,,,,,,,,,,,,,
wn_pipe,121,#I,125,#I,1,#I,#<WSStructure:0x000217dc15f518>,[7.1749920000287; 7.77240000003109; 7.495032000029981; 7.815072000031261],#<WSStructure:0x000217dc15ee88>,,#<WSStructure:0x000217dc15eaf0>,,,,,129,#I,0.0,#I,false,,283.4639892578125,#I,609.6000366210938,#I,HW,#I,,,,,130.0,#I,,,,,,,,,0.0,#I,,,0.0,#I,,,,,,,1400.0,,,,,,,,,,,,,,,,,,,,,,,,,,,,,,,,,,,,,,,#I,,,,,,,,,,,,,,,,,,,,,,,,,,,,
wn_pipe,125,#I,127,#I,1,#I,#<WSStructure:0x000217dc157160>,[7.495032000029981; 7.815072000031261; 8.92759200003571; 8.046720000032186],#<WSStructure:0x000217dc156c10>,,#<WSStructure:0x000217dc156828>,,,,,131,#I,0.0,#I,false,,987.552001953125,#I,609.6000366210938,#I,HW,#I,,,,,130.0,#I,,,,,,,,,0.0,#I,,,0.0,#I,,,,,,,1400.0,,,,,,,,,,,,,,,,,,,,,,,,,,,,,,,,,,,,,,,#I,,,,,,,,,,,,,,,,,,,,,,,,,,,,
wn_pipe,20,#I,127,#I,1,#I,#<WSStructure:0x000217dbff9138>,[8.973312000035893; 8.20216800003281; 8.92759200003571; 8.046720000032186],#<WSStructure:0x000217dbff3e90>,,#<WSStructure:0x000217dbff3a08>,,,,,133,#I,0.0,#I,false,,239.26800537109375,#I,508.0,#I,HW,#I,,,,,130.0,#I,,,,,,,,,0.0,#I,,,0.0,#I,,,,,,,1400.0,,,,,,,,,,,,,,,,,,,,,,,,,,,,,,,,,,,,,,,#I,,,,,,,,,,,,,,,,,,,,,,,,,,,,
wn_pipe,127,#I,129,#I,1,#I,#<WSStructure:0x000217dbf8e928>,[8.92759200003571; 8.046720000032186; 9.241536000036966; 8.043672000032174],#<WSStructure:0x000217dbf8e158>,,#<WSStructure:0x000217dbf8dd48>,,,,,135,#I,0.0,#I,false,,274.32000732421875,#I,609.6000366210938,#I,HW,#I,,,,,130.0,#I,,,,,,,,,0.0,#I,,,0.0,#I,,,,,,,1400.0,,,,,,,,,,,,,,,,,,,,,,,,,,,,,,,,,,,,,,,#I,,,,,,,,,,,,,,,,,,,,,,,,,,,,
wn_pipe,129,#I,131,#I,1,#I,#<WSStructure:0x000217dbf3ece8>,[9.241536000036966; 8.043672000032174; 11.548872000046195; 9.006840000036028],#<WSStructure:0x000217dbf3d528>,,#<WSStructure:0x000217dbf3c880>,,,,,137,#I,0.0,#I,false,,1975.10400390625,#I,406.3999938964844,#I,HW,#I,,,,,130.0,#I,,,,,,,,,0.0,#I,,,0.0,#I,,,,,,,1400.0,,,,,,,,,,,,,,,,,,,,,,,,,,,,,,,,,,,,,,,#I,,,,,,,,,,,,,,,,,,,,,,,,,,,,
wn_pipe,129,#I,139,#I,1,#I,#<WSStructure:0x000217d8d401d8>,[9.241536000036966; 8.043672000032174; 10.143744000040575; 7.479792000029919],#<WSStructure:0x000217d8a9b4a0>,,#<WSStructure:0x000217d8a9a730>,,,,,145,#I,0.0,#I,false,,838.2000122070312,#I,203.1999969482422,#I,HW,#I,,,,,130.0,#I,,,,,,,,,0.0,#I,,,0.0,#I,,,,,,,1400.0,,,,,,,,,,,,,,,,,,,,,,,,,,,,,,,,,,,,,,,#I,,,,,,,,,,,,,,,,,,,,,,,,,,,,
wn_pipe,139,#I,141,#I,1,#I,#<WSStructure:0x000217d877d250>,[10.143744000040575; 7.479792000029919; 10.8752640000435; 7.0347840000281385],#<WSStructure:0x000217d877c418>,,#<WSStructure:0x000217d8777dc8>,,,,,147,#I,0.0,#I,false,,624.8400268554688,#I,203.1999969482422,#I,HW,#I,,,,,130.0,#I,,,,,,,,,0.0,#I,,,0.0,#I,,,,,,,1400.0,,,,,,,,,,,,,,,,,,,,,,,,,,,,,,,,,,,,,,,#I,,,,,,,,,,,,,,,,,,,,,,,,,,,,
wn_pipe,143,#I,141,#I,1,#I,#<WSStructure:0x000217dc30f7c8>,[11.420856000045683; 6.696456000026785; 10.8752640000435; 7.0347840000281385],#<WSStructure:0x000217dc30f408>,,#<WSStructure:0x000217dc30f188>,,,,,149,#I,0.0,#I,false,,426.7200012207031,#I,203.1999969482422,#I,HW,#I,,,,,130.0,#I,,,,,,,,,0.0,#I,,,0.0,#I,,,,,,,1400.0,,,,,,,,,,,,,,,,,,,,,,,,,,,,,,,,,,,,,,,#I,,,,,,,,,,,,,,,,,,,,,,,,,,,,
wn_pipe,15,#I,143,#I,1,#I,#<WSStructure:0x000217dc2fe9c8>,[11.789664000047159; 7.242048000028968; 11.420856000045683; 6.696456000026785],#<WSStructure:0x000217dc2fe608>,,#<WSStructure:0x000217dc2fe3b0>,,,,,151,#I,0.0,#I,false,,502.9200134277344,#I,203.1999969482422,#I,HW,#I,,,,,130.0,#I,,,,,,,,,0.0,#I,,,0.0,#I,,,,,,,1400.0,,,,,,,,,,,,,,,,,,,,,,,,,,,,,,,,,,,,,,,#I,,,,,,,,,,,,,,,,,,,,,,,,,,,,
wn_pipe,145,#I,141,#I,1,#I,#<WSStructure:0x000217dc2f4360>,[10.06449600004026; 5.879592000023519; 10.8752640000435; 7.0347840000281385],#<WSStructure:0x000217dc2eff40>,,#<WSStructure:0x000217dc2efce8>,,,,,153,#I,0.0,#I,false,,1069.8480224609375,#I,304.8000183105469,#I,HW,#I,,,,,130.0,#I,,,,,,,,,0.0,#I,,,0.0,#I,,,,,,,1400.0,,,,,,,,,,,,,,,,,,,,,,,,,,,,,,,,,,,,,,,#I,,,,,,,,,,,,,,,,,,,,,,,,,,,,
wn_pipe,147,#I,145,#I,1,#I,#<WSStructure:0x000217dc2e5d38>,[9.217152000036869; 6.211824000024847; 10.06449600004026; 5.879592000023519],#<WSStructure:0x000217dc2e5900>,,#<WSStructure:0x000217dc2e5658>,,,,,155,#I,0.0,#I,false,,670.5599975585938,#I,304.8000183105469,#I,HW,#I,,,,,130.0,#I,,,,,,,,,0.0,#I,,,0.0,#I,,,,,,,1400.0,,,,,,,,,,,,,,,,,,,,,,,,,,,,,,,,,,,,,,,#I,,,,,,,,,,,,,,,,,,,,,,,,,,,,
wn_pipe,147,#I,149,#I,1,#I,#<WSStructure:0x000217dc2d75a8>,[9.217152000036869; 6.211824000024847; 9.028176000036114; 6.321552000025286],#<WSStructure:0x000217dc2d71e8>,,#<WSStructure:0x000217dc2d6f90>,,,,,159,#I,0.0,#I,false,,268.2239990234375,#I,304.8000183105469,#I,HW,#I,,,,,130.0,#I,,,,,,,,,0.0,#I,,,0.0,#I,,,,,,,1400.0,,,,,,,,,,,,,,,,,,,,,,,,,,,,,,,,,,,,,,,#I,,,,,,,,,,,,,,,,,,,,,,,,,,,,
wn_pipe,149,#I,151,#I,1,#I,#<WSStructure:0x000217dc2cce28>,[9.028176000036114; 6.321552000025286; 8.622792000034492; 6.519672000026079],#<WSStructure:0x000217dc2cca40>,,#<WSStructure:0x000217dc2cc7e8>,,,,,161,#I,0.0,#I,false,,310.89599609375,#I,203.1999969482422,#I,HW,#I,,,,,130.0,#I,,,,,,,,,0.0,#I,,,0.0,#I,,,,,,,1400.0,,,,,,,,,,,,,,,,,,,,,,,,,,,,,,,,,,,,,,,#I,,,,,,,,,,,,,,,,,,,,,,,,,,,,
wn_pipe,151,#I,153,#I,1,#I,#<WSStructure:0x000217dc2be800>,[8.622792000034492; 6.519672000026079; 8.574024000034296; 6.89762400002759],#<WSStructure:0x000217dc2be440>,,#<WSStructure:0x000217dc2be1c0>,,,,,163,#I,0.0,#I,false,,356.6159973144531,#I,304.8000183105469,#I,HW,#I,,,,,130.0,#I,,,,,,,,,0.0,#I,,,0.0,#I,,,,,,,1400.0,,,,,,,,,,,,,,,,,,,,,,,,,,,,,,,,,,,,,,,#I,,,,,,,,,,,,,,,,,,,,,,,,,,,,
wn_pipe,125,#I,153,#I,1,#I,#<WSStructure:0x000217dc2b4288>,[7.495032000029981; 7.815072000031261; 8.574024000034296; 6.89762400002759],#<WSStructure:0x000217dc2afe90>,,#<WSStructure:0x000217dc2afc10>,,,,,169,#I,0.0,#I,false,,1389.887939453125,#I,203.1999969482422,#I,HW,#I,,,,,130.0,#I,,,,,,,,,0.0,#I,,,0.0,#I,,,,,,,1400.0,,,,,,,,,,,,,,,,,,,,,,,,,,,,,,,,,,,,,,,#I,,,,,,,,,,,,,,,,,,,,,,,,,,,,
wn_pipe,119,#I,151,#I,1,#I,#<WSStructure:0x000217dc2a5c60>,[7.223760000028895; 6.93724800002775; 8.622792000034492; 6.519672000026079],#<WSStructure:0x000217dc2a57b0>,,#<WSStructure:0x000217dc2a54b8>,,,,,171,#I,0.0,#I,false,,1054.6080322265625,#I,304.8000183105469,#I,HW,#I,,,,,130.0,#I,,,,,,,,,0.0,#I,,,0.0,#I,,,,,,,1400.0,,,,,,,,,,,,,,,,,,,,,,,,,,,,,,,,,,,,,,,#I,,,,,,,,,,,,,,,,,,,,,,,,,,,,
wn_pipe,119,#I,157,#I,1,#I,#<WSStructure:0x000217dc297520>,[7.223760000028895; 6.93724800002775; 7.574280000030297; 6.1447680000245795],#<WSStructure:0x000217dc297110>,,#<WSStructure:0x000217dc296e40>,,,,,173,#I,0.0,#I,false,,633.9840087890625,#I,762.0,#I,HW,#I,,,,,141.0,#I,,,,,,,,,0.0,#I,,,0.0,#I,,,,,,,1400.0,,,,,,,,,,,,,,,,,,,,,,,,,,,,,,,,,,,,,,,#I,,,,,,,,,,,,,,,,,,,,,,,,,,,,
wn_pipe,157,#I,159,#I,1,#I,#<WSStructure:0x000217dc28cf30>,[7.574280000030297; 6.1447680000245795; 7.046976000028188; 5.334000000021336],#<WSStructure:0x000217dc28cb70>,,#<WSStructure:0x000217dc28c8f0>,,,,,175,#I,0.0,#I,false,,886.968017578125,#I,762.0,#I,HW,#I,,,,,141.0,#I,,,,,,,,,0.0,#I,,,0.0,#I,,,,,,,1400.0,,,,,,,,,,,,,,,,,,,,,,,,,,,,,,,,,,,,,,,#I,,,,,,,,,,,,,,,,,,,,,,,,,,,,
wn_pipe,159,#I,161,#I,1,#I,#<WSStructure:0x000217dc27e9f8>,[7.046976000028188; 5.334000000021336; 7.650480000030602; 4.65734400001863],#<WSStructure:0x000217dc27e638>,,#<WSStructure:0x000217dc27e3b8>,,,,,177,#I,0.0,#I,false,,609.5999755859375,#I,762.0,#I,HW,#I,,,,,141.0,#I,,,,,,,,,0.0,#I,,,0.0,#I,,,,,,,1400.0,,,,,,,,,,,,,,,,,,,,,,,,,,,,,,,,,,,,,,,#I,,,,,,,,,,,,,,,,,,,,,,,,,,,,
wn_pipe,161,#I,163,#I,1,#I,#<WSStructure:0x000217dc274598>,[7.650480000030602; 4.65734400001863; 7.738872000030955; 4.565904000018264],#<WSStructure:0x000217dc2741b0>,,#<WSStructure:0x000217dc26fef8>,,,,,179,#I,0.0,#I,false,,131.06399536132812,#I,762.0,#I,HW,#I,,,,,141.0,#I,,,,,,,,,0.0,#I,,,0.0,#I,,,,,,,1400.0,,,,,,,,,,,,,,,,,,,,,,,,,,,,,,,,,,,,,,,#I,,,,,,,,,,,,,,,,,,,,,,,,,,,,
wn_pipe,163,#I,164,#I,1,#I,#<WSStructure:0x000217dc265f20>,[7.738872000030955; 4.565904000018264; 7.918704000031675; 4.614672000018459],#<WSStructure:0x000217dc265ae8>,,#<WSStructure:0x000217dc265890>,,,,,180,#I,0.0,#I,false,,45.720001220703125,#I,355.6000061035156,#I,HW,#I,,,,,130.0,#I,,,,,,,,,0.0,#I,,,0.0,#I,,,,,,,1400.0,,,,,,,,,,,,,,,,,,,,,,,,,,,,,,,,,,,,,,,#I,,,,,,,,,,,,,,,,,,,,,,,,,,,,
wn_pipe,164,#I,166,#I,1,#I,#<WSStructure:0x000217dc257858>,[7.918704000031675; 4.614672000018459; 8.071104000032285; 4.6116240000184465],#<WSStructure:0x000217dc257470>,,#<WSStructure:0x000217dc257218>,,,,,181,#I,0.0,#I,false,,149.3520050048828,#I,355.6000061035156,#I,HW,#I,,,,,130.0,#I,,,,,,,,,0.0,#I,,,0.0,#I,,,,,,,1400.0,,,,,,,,,,,,,,,,,,,,,,,,,,,,,,,,,,,,,,,#I,,,,,,,,,,,,,,,,,,,,,,,,,,,,
wn_pipe,265,#I,169,#I,1,#I,#<WSStructure:0x000217dc247b60>,[7.738872000030955; 4.145280000016581; 7.827264000031309; 3.883152000015533],#<WSStructure:0x000217dc2476d8>,,#<WSStructure:0x000217dc2473e0>,,,,,183,#I,0.0,#I,false,,179.83200073242188,#I,762.0,#I,HW,#I,,,,,141.0,#I,,,,,,,,,0.0,#I,,,0.0,#I,,,,,,,1400.0,,,,,,,,,,,,,,,,,,,,,,,,,,,,,,,,,,,,,,,#I,,,,,,,,,,,,,,,,,,,,,,,,,,,,
wn_pipe,167,#I,169,#I,1,#I,#<WSStructure:0x000217dc1e4e20>,[7.888224000031553; 3.9563040000158254; 7.827264000031309; 3.883152000015533],#<WSStructure:0x000217dc1e4a10>,,#<WSStructure:0x000217dc1e47b8>,,,,,185,#I,0.0,#I,false,,18.288000106811523,#I,203.1999969482422,#I,HW,#I,,,,,130.0,#I,,,,,,,,,0.0,#I,,,0.0,#I,,,,,,,1400.0,,,,,,,,,,,,,,,,,,,,,,,,,,,,,,,,,,,,,,,#I,,,,,,,,,,,,,,,,,,,,,,,,,,,,
wn_pipe,187,#I,204,#I,1,#I,#<WSStructure:0x000217dc1d6690>,[7.205472000028823; 3.36499200001346; 7.254240000029017; 3.3223200000132893],#<WSStructure:0x000217dc1d62a8>,,#<WSStructure:0x000217dc1d6050>,,,,,186,#I,0.0,#I,false,,30.449520111083984,#I,203.1999969482422,#I,HW,#I,,,,,130.0,#I,,,,,,,,,0.0,#I,,,0.0,#I,,,,,,,1400.0,,,,,,,,,,,,,,,,,,,,,,,,,,,,,,,,,,,,,,,#I,,,,,,,,,,,,,,,,,,,,,,,,,,,,
wn_pipe,169,#I,171,#I,1,#I,#<WSStructure:0x000217dc1c7f50>,[7.827264000031309; 3.883152000015533; 8.122920000032492; 3.596640000014387],#<WSStructure:0x000217dc1c7b40>,,#<WSStructure:0x000217dc1c78e8>,,,,,187,#I,0.0,#I,false,,387.09600830078125,#I,762.0,#I,HW,#I,,,,,141.0,#I,,,,,,,,,0.0,#I,,,0.0,#I,,,,,,,1400.0,,,,,,,,,,,,,,,,,,,,,,,,,,,,,,,,,,,,,,,#I,,,,,,,,,,,,,,,,,,,,,,,,,,,,
wn_pipe,171,#I,173,#I,1,#I,#<WSStructure:0x000217dc1bd168>,[8.122920000032492; 3.596640000014387; 8.189976000032761; 3.5326320000141305],#<WSStructure:0x000217dc1bcd80>,,#<WSStructure:0x000217dc1bcb28>,,,,,189,#I,0.0,#I,false,,15.239999771118164,#I,762.0,#I,HW,#I,,,,,141.0,#I,,,,,,,,,0.0,#I,,,0.0,#I,,,,,,,1400.0,,,,,,,,,,,,,,,,,,,,,,,,,,,,,,,,,,,,,,,#I,,,,,,,,,,,,,,,,,,,,,,,,,,,,
wn_pipe,271,#I,171,#I,1,#I,#<WSStructure:0x000217dc194b78>,[7.915656000031662; 3.3528000000134113; 8.122920000032492; 3.596640000014387],#<WSStructure:0x000217dc1945d8>,,#<WSStructure:0x000217dc194178>,,,,,191,#I,0.0,#I,false,,231.6479949951172,#I,609.6000366210938,#I,HW,#I,,,,,130.0,#I,,,,,,,,,0.0,#I,,,0.0,#I,,,,,,,1400.0,,,,,,,,,,,,,,,,,,,,,,,,,,,,,,,,,,,,,,,#I,,,,,,,,,,,,,,,,,,,,,,,,,,,,
wn_pipe,35,#I,181,#I,1,#I,#<WSStructure:0x000217dc185e20>,[7.760208000031041; 3.2064960000128258; 7.839456000031357; 3.2735520000130944],#<WSStructure:0x000217dc185a60>,,#<WSStructure:0x000217dc1857b8>,,,,,193,#I,0.0,#I,false,,9.144000053405762,#I,609.6000366210938,#I,HW,#I,,,,,130.0,#I,,,,,,,,,0.0,#I,,,0.0,#I,,,,,,,1400.0,,,,,,,,,,,,,,,,,,,,,,,,,,,,,,,,,,,,,,,#I,,,,,,,,,,,,,,,,,,,,,,,,,,,,
wn_pipe,181,#I,177,#I,1,#I,#<WSStructure:0x000217dc15fc48>,[7.839456000031357; 3.2735520000130944; 7.900416000031602; 3.2278320000129113],#<WSStructure:0x000217dc15f658>,,#<WSStructure:0x000217dc15f298>,,,,,195,#I,0.0,#I,false,,9.144000053405762,#I,304.8000183105469,#I,HW,#I,,,,,130.0,#I,,,,,,,,,0.0,#I,,,0.0,#I,,,,,,,1400.0,,,,,,,,,,,,,,,,,,,,,,,,,,,,,,,,,,,,,,,#I,,,,,,,,,,,,,,,,,,,,,,,,,,,,
wn_pipe,177,#I,179,#I,1,#I,#<WSStructure:0x000217dc157750>,[7.900416000031602; 3.2278320000129113; 7.836408000031346; 3.16992000001268],#<WSStructure:0x000217dc157250>,,#<WSStructure:0x000217dc156ee0>,,,,,197,#I,0.0,#I,false,,9.144000053405762,#I,304.8000183105469,#I,HW,#I,,,,,130.0,#I,,,,,,,,,0.0,#I,,,0.0,#I,,,,,,,1400.0,,,,,,,,,,,,,,,,,,,,,,,,,,,,,,,,,,,,,,,#I,,,,,,,,,,,,,,,,,,,,,,,,,,,,
wn_pipe,179,#I,183,#I,1,#I,#<WSStructure:0x000217dc008340>,[7.836408000031346; 3.16992000001268; 7.757160000031028; 3.1028640000124112],#<WSStructure:0x000217dc00b108>,,#<WSStructure:0x000217dc003ef8>,,,,,199,#I,0.0,#I,false,,64.00800323486328,#I,304.8000183105469,#I,HW,#I,,,,,130.0,#I,,,,,,,,,0.0,#I,,,0.0,#I,,,,,,,1400.0,,,,,,,,,,,,,,,,,,,,,,,,,,,,,,,,,,,,,,,#I,,,,,,,,,,,,,,,,,,,,,,,,,,,,
wn_pipe,40,#I,179,#I,1,#I,#<WSStructure:0x000217dbf9d810>,[8.235696000032943; 2.9900880000119607; 7.836408000031346; 3.16992000001268],#<WSStructure:0x000217dbf9c4d8>,,#<WSStructure:0x000217dbf97050>,,,,,201,#I,0.0,#I,false,,362.7120056152344,#I,304.8000183105469,#I,HW,#I,,,,,130.0,#I,,,,,,,,,0.0,#I,,,0.0,#I,,,,,,,1400.0,,,,,,,,,,,,,,,,,,,,,,,,,,,,,,,,,,,,,,,#I,,,,,,,,,,,,,,,,,,,,,,,,,,,,
wn_pipe,185,#I,184,#I,1,#I,#<WSStructure:0x000217dbf7d0b0>,[7.623048000030493; 2.9474160000117897; 7.665720000030663; 2.9016960000116065],#<WSStructure:0x000217dbf7d650>,,#<WSStructure:0x000217dbf7d970>,,,,,202,#I,0.0,#I,false,,30.449520111083984,#I,203.1999969482422,#I,HW,#I,,,,,130.0,#I,,,,,,,,,0.0,#I,,,0.0,#I,,,,,,,1400.0,,,,,,,,,,,,,,,,,,,,,,,,,,,,,,,,,,,,,,,#I,,,,,,,,,,,,,,,,,,,,,,,,,,,,
wn_pipe,183,#I,185,#I,1,#I,#<WSStructure:0x000217d8d4bab0>,[7.757160000031028; 3.1028640000124112; 7.623048000030493; 2.9474160000117897],#<WSStructure:0x000217d8d4af20>,,#<WSStructure:0x000217d8d4a660>,,,,,203,#I,0.0,#I,false,,155.447998046875,#I,203.1999969482422,#I,HW,#I,,,,,130.0,#I,,,,,,,,,0.0,#I,,,0.0,#I,,,,,,,1400.0,,,,,,,,,,,,,,,,,,,,,,,,,,,,,,,,,,,,,,,#I,,,,,,,,,,,,,,,,,,,,,,,,,,,,
wn_pipe,184,#I,205,#I,1,#I,#<WSStructure:0x000217d8a2dea0>,[7.665720000030663; 2.9016960000116065; 8.900160000035601; 1.969008000007876],#<WSStructure:0x000217d8b56890>,,#<WSStructure:0x000217d8bce0e8>,,,,,204,#I,0.0,#I,false,,1380.7440185546875,#I,304.8000183105469,#I,HW,#I,,,,,130.0,#I,,,,,,,,,0.0,#I,,,0.0,#I,,,,,,,1400.0,,,,,,,,,,,,,,,,,,,,,,,,,,,,,,,,,,,,,,,#I,,,,,,,,,,,,,,,,,,,,,,,,,,,,
wn_pipe,204,#I,185,#I,1,#I,#<WSStructure:0x000217d89c1548>,[7.254240000029017; 3.3223200000132893; 7.623048000030493; 2.9474160000117897],#<WSStructure:0x000217d89c0170>,,#<WSStructure:0x000217d89c2ab0>,,,,,205,#I,0.0,#I,false,,403.8599853515625,#I,304.8000183105469,#I,HW,#I,,,,,130.0,#I,,,,,,,,,0.0,#I,,,0.0,#I,,,,,,,1400.0,,,,,,,,,,,,,,,,,,,,,,,,,,,,,,,,,,,,,,,#I,,,,,,,,,,,,,,,,,,,,,,,,,,,,
wn_pipe,189,#I,183,#I,1,#I,#<WSStructure:0x000217dc3066c8>,[7.360920000029443; 3.4655760000138622; 7.757160000031028; 3.1028640000124112],#<WSStructure:0x000217dc306308>,,#<WSStructure:0x000217dc3060b0>,,,,,207,#I,0.0,#I,false,,411.4800109863281,#I,304.8000183105469,#I,HW,#I,,,,,130.0,#I,,,,,,,,,0.0,#I,,,0.0,#I,,,,,,,1400.0,,,,,,,,,,,,,,,,,,,,,,,,,,,,,,,,,,,,,,,#I,,,,,,,,,,,,,,,,,,,,,,,,,,,,
wn_pipe,189,#I,187,#I,1,#I,#<WSStructure:0x000217dc2fe158>,[7.360920000029443; 3.4655760000138622; 7.205472000028823; 3.36499200001346],#<WSStructure:0x000217dc2f7bf0>,,#<WSStructure:0x000217dc2f7998>,,,,,209,#I,0.0,#I,false,,152.39999389648438,#I,203.1999969482422,#I,HW,#I,,,,,130.0,#I,,,,,,,,,0.0,#I,,,0.0,#I,,,,,,,1400.0,,,,,,,,,,,,,,,,,,,,,,,,,,,,,,,,,,,,,,,#I,,,,,,,,,,,,,,,,,,,,,,,,,,,,
wn_pipe,169,#I,269,#I,1,#I,#<WSStructure:0x000217dc2ed998>,[7.827264000031309; 3.883152000015533; 7.629144000030517; 3.7002720000148015],#<WSStructure:0x000217dc2ed5d8>,,#<WSStructure:0x000217dc2ed358>,,,,,211,#I,0.0,#I,false,,196.9008026123047,#I,304.8000183105469,#I,HW,#I,,,,,130.0,#I,,,,,,,,,0.0,#I,,,0.0,#I,,,,,,,1400.0,,,,,,,,,,,,,,,,,,,,,,,,,,,,,,,,,,,,,,,#I,,,,,,,,,,,,,,,,,,,,,,,,,,,,
wn_pipe,191,#I,187,#I,1,#I,#<WSStructure:0x000217dc2df140>,[6.736080000026945; 4.288536000017154; 7.205472000028823; 3.36499200001346],#<WSStructure:0x000217dc2ded80>,,#<WSStructure:0x000217dc2deb28>,,,,,213,#I,0.0,#I,false,,780.2880249023438,#I,304.8000183105469,#I,HW,#I,,,,,130.0,#I,,,,,,,,,0.0,#I,,,0.0,#I,,,,,,,1400.0,,,,,,,,,,,,,,,,,,,,,,,,,,,,,,,,,,,,,,,#I,,,,,,,,,,,,,,,,,,,,,,,,,,,,
wn_pipe,267,#I,189,#I,1,#I,#<WSStructure:0x000217dc2d4a38>,[7.126224000028505; 3.9471600000157885; 7.360920000029443; 3.4655760000138622],#<WSStructure:0x000217dc2d4678>,,#<WSStructure:0x000217dc2d4420>,,,,,215,#I,0.0,#I,false,,374.90399169921875,#I,304.8000183105469,#I,HW,#I,,,,,130.0,#I,,,,,,,,,0.0,#I,,,0.0,#I,,,,,,,1400.0,,,,,,,,,,,,,,,,,,,,,,,,,,,,,,,,,,,,,,,#I,,,,,,,,,,,,,,,,,,,,,,,,,,,,
wn_pipe,191,#I,193,#I,1,#I,#<WSStructure:0x000217dc2c6438>,[6.736080000026945; 4.288536000017154; 6.9738240000278955; 4.373880000017495],#<WSStructure:0x000217dc2c6078>,,#<WSStructure:0x000217dc2c5df8>,,,,,217,#I,0.0,#I,false,,158.49600219726562,#I,304.8000183105469,#I,HW,#I,,,,,130.0,#I,,,,,,,,,0.0,#I,,,0.0,#I,,,,,,,1400.0,,,,,,,,,,,,,,,,,,,,,,,,,,,,,,,,,,,,,,,#I,,,,,,,,,,,,,,,,,,,,,,,,,,,,
wn_pipe,193,#I,195,#I,1,#I,#<WSStructure:0x000217dc2b7c80>,[6.9738240000278955; 4.373880000017495; 7.065264000028261; 4.4866560000179465],#<WSStructure:0x000217dc2b78c0>,,#<WSStructure:0x000217dc2b7668>,,,,,219,#I,0.0,#I,false,,109.72799682617188,#I,304.8000183105469,#I,HW,#I,,,,,130.0,#I,,,,,,,,,0.0,#I,,,0.0,#I,,,,,,,1400.0,,,,,,,,,,,,,,,,,,,,,,,,,,,,,,,,,,,,,,,#I,,,,,,,,,,,,,,,,,,,,,,,,,,,,
wn_pipe,161,#I,195,#I,1,#I,#<WSStructure:0x000217dc2ad4d8>,[7.650480000030602; 4.65734400001863; 7.065264000028261; 4.4866560000179465],#<WSStructure:0x000217dc2ad0a0>,,#<WSStructure:0x000217dc2ace48>,,,,,221,#I,0.0,#I,false,,701.0399780273438,#I,203.1999969482422,#I,HW,#I,,,,,130.0,#I,,,,,,,,,0.0,#I,,,0.0,#I,,,,,,,1400.0,,,,,,,,,,,,,,,,,,,,,,,,,,,,,,,,,,,,,,,#I,,,,,,,,,,,,,,,,,,,,,,,,,,,,
wn_pipe,197,#I,191,#I,1,#I,#<WSStructure:0x000217dc29ee60>,[6.391656000025566; 4.626864000018507; 6.736080000026945; 4.288536000017154],#<WSStructure:0x000217dc29eaa0>,,#<WSStructure:0x000217dc29e848>,,,,,223,#I,0.0,#I,false,,350.5199890136719,#I,304.8000183105469,#I,HW,#I,,,,,130.0,#I,,,,,,,,,0.0,#I,,,0.0,#I,,,,,,,1400.0,,,,,,,,,,,,,,,,,,,,,,,,,,,,,,,,,,,,,,,#I,,,,,,,,,,,,,,,,,,,,,,,,,,,,
wn_pipe,111,#I,197,#I,1,#I,#<WSStructure:0x000217dc294870>,[6.16000800002464; 5.343144000021373; 6.391656000025566; 4.626864000018507],#<WSStructure:0x000217dc2944b0>,,#<WSStructure:0x000217dc294258>,,,,,225,#I,0.0,#I,false,,850.3920288085938,#I,304.8000183105469,#I,HW,#I,,,,,130.0,#I,,,,,,,,,0.0,#I,,,0.0,#I,,,,,,,1400.0,,,,,,,,,,,,,,,,,,,,,,,,,,,,,,,,,,,,,,,#I,,,,,,,,,,,,,,,,,,,,,,,,,,,,
wn_pipe,173,#I,199,#I,1,#I,#<WSStructure:0x000217dc2862c0>,[8.189976000032761; 3.5326320000141305; 8.967216000035869; 2.57251200001029],#<WSStructure:0x000217dc285e88>,,#<WSStructure:0x000217dc285be0>,,,,,229,#I,0.0,#I,false,,1219.199951171875,#I,609.6000366210938,#I,HW,#I,,,,,141.0,#I,,,,,,,,,0.0,#I,,,0.0,#I,,,,,,,1400.0,,,,,,,,,,,,,,,,,,,,,,,,,,,,,,,,,,,,,,,#I,,,,,,,,,,,,,,,,,,,,,,,,,,,,
wn_pipe,199,#I,201,#I,1,#I,#<WSStructure:0x000217dc277c20>,[8.967216000035869; 2.57251200001029; 9.415272000037662; 2.6121360000104485],#<WSStructure:0x000217dc277810>,,#<WSStructure:0x000217dc277568>,,,,,231,#I,0.0,#I,false,,192.0240020751953,#I,609.6000366210938,#I,HW,#I,,,,,141.0,#I,,,,,,,,,0.0,#I,,,0.0,#I,,,,,,,1400.0,,,,,,,,,,,,,,,,,,,,,,,,,,,,,,,,,,,,,,,#I,,,,,,,,,,,,,,,,,,,,,,,,,,,,
wn_pipe,201,#I,203,#I,1,#I,#<WSStructure:0x000217dc26d630>,[9.415272000037662; 2.6121360000104485; 9.491472000037966; 2.7096720000108387],#<WSStructure:0x000217dc26d270>,,#<WSStructure:0x000217dc26d018>,,,,,233,#I,0.0,#I,false,,36.57600021362305,#I,609.6000366210938,#I,HW,#I,,,,,130.0,#I,,,,,,,,,0.0,#I,,,0.0,#I,,,,,,,1400.0,,,,,,,,,,,,,,,,,,,,,,,,,,,,,,,,,,,,,,,#I,,,,,,,,,,,,,,,,,,,,,,,,,,,,
wn_pipe,199,#I,273,#I,1,#I,#<WSStructure:0x000217dc25ef40>,[8.967216000035869; 2.57251200001029; 8.887968000035553; 2.2494240000089976],#<WSStructure:0x000217dc25eb80>,,#<WSStructure:0x000217dc25e928>,,,,,235,#I,0.0,#I,false,,220.97999572753906,#I,304.8000183105469,#I,HW,#I,,,,,130.0,#I,,,,,,,,,0.0,#I,,,0.0,#I,,,,,,,1400.0,,,,,,,,,,,,,,,,,,,,,,,,,,,,,,,,,,,,,,,#I,,,,,,,,,,,,,,,,,,,,,,,,,,,,
wn_pipe,205,#I,207,#I,1,#I,#<WSStructure:0x000217dc254798>,[8.900160000035601; 1.969008000007876; 9.448800000037796; 2.014728000008059],#<WSStructure:0x000217dc2543d8>,,#<WSStructure:0x000217dc254180>,,,,,237,#I,0.0,#I,false,,365.760009765625,#I,304.8000183105469,#I,HW,#I,,,,,130.0,#I,,,,,,,,,0.0,#I,,,0.0,#I,,,,,,,1400.0,,,,,,,,,,,,,,,,,,,,,,,,,,,,,,,,,,,,,,,#I,,,,,,,,,,,,,,,,,,,,,,,,,,,,
wn_pipe,207,#I,206,#I,1,#I,#<WSStructure:0x000217dc2446b8>,[9.448800000037796; 2.014728000008059; 9.6499680000386; 2.0238720000080956],#<WSStructure:0x000217dc244258>,,#<WSStructure:0x000217dc2478b8>,,,,,238,#I,0.0,#I,false,,137.16000366210938,#I,304.8000183105469,#I,HW,#I,,,,,130.0,#I,,,,,,,,,0.0,#I,,,0.0,#I,,,,,,,1400.0,,,,,,,,,,,,,,,,,,,,,,,,,,,,,,,,,,,,,,,#I,,,,,,,,,,,,,,,,,,,,,,,,,,,,
wn_pipe,275,#I,207,#I,1,#I,#<WSStructure:0x000217dc1ddcd8>,[9.470136000037881; 2.526792000010107; 9.448800000037796; 2.014728000008059],#<WSStructure:0x000217dc1dd8a0>,,#<WSStructure:0x000217dc1dd5d0>,,,,,239,#I,0.0,#I,false,,435.864013671875,#I,304.8000183105469,#I,HW,#I,,,,,130.0,#I,,,,,,,,,0.0,#I,,,0.0,#I,,,,,,,1400.0,,,,,,,,,,,,,,,,,,,,,,,,,,,,,,,,,,,,,,,#I,,,,,,,,,,,,,,,,,,,,,,,,,,,,
wn_pipe,206,#I,208,#I,1,#I,#<WSStructure:0x000217dc1cf480>,[9.6499680000386; 2.0238720000080956; 9.918192000039673; 2.0756880000083027],#<WSStructure:0x000217dc1cf0c0>,,#<WSStructure:0x000217dc1cedf0>,,,,,240,#I,0.0,#I,false,,155.447998046875,#I,304.8000183105469,#I,HW,#I,,,,,130.0,#I,,,,,,,,,0.0,#I,,,0.0,#I,,,,,,,1400.0,,,,,,,,,,,,,,,,,,,,,,,,,,,,,,,,,,,,,,,#I,,,,,,,,,,,,,,,,,,,,,,,,,,,,
wn_pipe,208,#I,209,#I,1,#I,#<WSStructure:0x000217dc1c46c0>,[9.918192000039673; 2.0756880000083027; 10.29004800004116; 2.0086320000080344],#<WSStructure:0x000217dc1c42d8>,,#<WSStructure:0x000217dc1c4080>,,,,,241,#I,0.0,#I,false,,269.74798583984375,#I,304.8000183105469,#I,HW,#I,,,,,130.0,#I,,,,,,,,,0.0,#I,,,0.0,#I,,,,,,,1400.0,,,,,,,,,,,,,,,,,,,,,,,,,,,,,,,,,,,,,,,#I,,,,,,,,,,,,,,,,,,,,,,,,,,,,
wn_pipe,209,#I,211,#I,1,#I,#<WSStructure:0x000217dc19c490>,[10.29004800004116; 2.0086320000080344; 10.424160000041697; 1.6885920000067545],#<WSStructure:0x000217dc19c080>,,#<WSStructure:0x000217dc197dc8>,,,,,243,#I,0.0,#I,false,,368.8080139160156,#I,406.3999938964844,#I,HW,#I,,,,,130.0,#I,,,,,,,,,0.0,#I,,,0.0,#I,,,,,,,1400.0,,,,,,,,,,,,,,,,,,,,,,,,,,,,,,,,,,,,,,,#I,,,,,,,,,,,,,,,,,,,,,,,,,,,,
wn_pipe,211,#I,213,#I,1,#I,#<WSStructure:0x000217dc18d5a8>,[10.424160000041697; 1.6885920000067545; 10.747248000042989; 1.8775680000075103],#<WSStructure:0x000217dc18d1c0>,,#<WSStructure:0x000217dc18cea0>,,,,,245,#I,0.0,#I,false,,301.75201416015625,#I,406.3999938964844,#I,HW,#I,,,,,130.0,#I,,,,,,,,,0.0,#I,,,0.0,#I,,,,,,,1400.0,,,,,,,,,,,,,,,,,,,,,,,,,,,,,,,,,,,,,,,#I,,,,,,,,,,,,,,,,,,,,,,,,,,,,
wn_pipe,213,#I,215,#I,1,#I,#<WSStructure:0x000217dc16d0f0>,[10.747248000042989; 1.8775680000075103; 12.176760000048708; 2.660904000010644],#<WSStructure:0x000217dc16c808>,,#<WSStructure:0x000217dc16c3f8>,,,,,247,#I,0.0,#I,false,,1306.0679931640625,#I,406.3999938964844,#I,HW,#I,,,,,130.0,#I,,,,,,,,,0.0,#I,,,0.0,#I,,,,,,,1400.0,,,,,,,,,,,,,,,,,,,,,,,,,,,,,,,,,,,,,,,#I,,,,,,,,,,,,,,,,,,,,,,,,,,,,
wn_pipe,215,#I,217,#I,1,#I,#<WSStructure:0x000217d8d2a5e0>,[12.176760000048708; 2.660904000010644; 12.835128000051341; 2.6426160000105705],#<WSStructure:0x000217d8d29ff0>,,#<WSStructure:0x000217d8d29d20>,,,,,249,#I,0.0,#I,false,,505.9679870605469,#I,406.3999938964844,#I,HW,#I,,,,,130.0,#I,,,,,,,,,0.0,#I,,,0.0,#I,,,,,,,1400.0,,,,,,,,,,,,,,,,,,,,,,,,,,,,,,,,,,,,,,,#I,,,,,,,,,,,,,,,,,,,,,,,,,,,,
wn_pipe,217,#I,219,#I,1,#I,#<WSStructure:0x000217d8a92aa8>,[12.835128000051341; 2.6426160000105705; 13.673328000054694; 2.840736000011363],#<WSStructure:0x000217d8a92670>,,#<WSStructure:0x000217d8a92378>,,,,,251,#I,0.0,#I,false,,624.8400268554688,#I,355.6000061035156,#I,HW,#I,,,,,130.0,#I,,,,,,,,,0.0,#I,,,0.0,#I,,,,,,,1400.0,,,,,,,,,,,,,,,,,,,,,,,,,,,,,,,,,,,,,,,#I,,,,,,,,,,,,,,,,,,,,,,,,,,,,
wn_pipe,217,#I,225,#I,1,#I,#<WSStructure:0x000217dbff20e0>,[12.835128000051341; 2.6426160000105705; 13.267944000053072; 2.2494240000089976],#<WSStructure:0x000217dbff1b40>,,#<WSStructure:0x000217dbff1780>,,,,,257,#I,0.0,#I,false,,475.4880065917969,#I,304.8000183105469,#I,HW,#I,,,,,130.0,#I,,,,,,,,,0.0,#I,,,0.0,#I,,,,,,,1400.0,,,,,,,,,,,,,,,,,,,,,,,,,,,,,,,,,,,,,,,#I,,,,,,,,,,,,,,,,,,,,,,,,,,,,
wn_pipe,213,#I,229,#I,1,#I,#<WSStructure:0x000217dbf8c290>,[10.747248000042989; 1.8775680000075103; 11.021568000044086; 1.063752000004255],#<WSStructure:0x000217dbf877b8>,,#<WSStructure:0x000217dbf86ae8>,,,,,261,#I,0.0,#I,false,,670.5599975585938,#I,203.1999969482422,#I,HW,#I,,,,,130.0,#I,,,,,,,,,0.0,#I,,,0.0,#I,,,,,,,1400.0,,,,,,,,,,,,,,,,,,,,,,,,,,,,,,,,,,,,,,,#I,,,,,,,,,,,,,,,,,,,,,,,,,,,,
wn_pipe,229,#I,231,#I,1,#I,#<WSStructure:0x000217dbf3dc08>,[11.021568000044086; 1.063752000004255; 11.698224000046794; 0.7741920000030968],#<WSStructure:0x000217dbf3c4c0>,,#<WSStructure:0x000217dbf37d58>,,,,,263,#I,0.0,#I,false,,597.4080200195312,#I,304.8000183105469,#I,HW,#I,,,,,130.0,#I,,,,,,,,,0.0,#I,,,0.0,#I,,,,,,,1400.0,,,,,,,,,,,,,,,,,,,,,,,,,,,,,,,,,,,,,,,#I,,,,,,,,,,,,,,,,,,,,,,,,,,,,
wn_pipe,211,#I,237,#I,1,#I,#<WSStructure:0x000217d8a9b568>,[10.424160000041697; 1.6885920000067545; 10.780776000043122; 0.9387840000037552],#<WSStructure:0x000217d8a9a0c8>,,#<WSStructure:0x000217d8a99830>,,,,,269,#I,0.0,#I,false,,633.9840087890625,#I,304.8000183105469,#I,HW,#I,,,,,130.0,#I,,,,,,,,,0.0,#I,,,0.0,#I,,,,,,,1400.0,,,,,,,,,,,,,,,,,,,,,,,,,,,,,,,,,,,,,,,#I,,,,,,,,,,,,,,,,,,,,,,,,,,,,
wn_pipe,237,#I,229,#I,1,#I,#<WSStructure:0x000217d87766a8>,[10.780776000043122; 0.9387840000037552; 11.021568000044086; 1.063752000004255],#<WSStructure:0x000217d87759b0>,,#<WSStructure:0x000217d8774e20>,,,,,271,#I,0.0,#I,false,,240.79200744628906,#I,203.1999969482422,#I,HW,#I,,,,,130.0,#I,,,,,,,,,0.0,#I,,,0.0,#I,,,,,,,1400.0,,,,,,,,,,,,,,,,,,,,,,,,,,,,,,,,,,,,,,,#I,,,,,,,,,,,,,,,,,,,,,,,,,,,,
wn_pipe,237,#I,239,#I,1,#I,#<WSStructure:0x000217d87f3e78>,[10.780776000043122; 0.9387840000037552; 10.899648000043598; 0.7040880000028163],#<WSStructure:0x000217d87f11c8>,,#<WSStructure:0x000217d87f3040>,,,,,273,#I,0.0,#I,false,,155.447998046875,#I,304.8000183105469,#I,HW,#I,,,,,130.0,#I,,,,,,,,,0.0,#I,,,0.0,#I,,,,,,,1400.0,,,,,,,,,,,,,,,,,,,,,,,,,,,,,,,,,,,,,,,#I,,,,,,,,,,,,,,,,,,,,,,,,,,,,
wn_pipe,239,#I,241,#I,1,#I,#<WSStructure:0x000217dc304f30>,[10.899648000043598; 0.7040880000028163; 10.933176000043732; 0.6431280000025725],#<WSStructure:0x000217dc304b70>,,#<WSStructure:0x000217dc304918>,,,,,275,#I,0.0,#I,false,,10.668000221252441,#I,304.8000183105469,#I,HW,#I,,,,,130.0,#I,,,,,,,,,0.0,#I,,,0.0,#I,,,,,,,1400.0,,,,,,,,,,,,,,,,,,,,,,,,,,,,,,,,,,,,,,,#I,,,,,,,,,,,,,,,,,,,,,,,,,,,,
wn_pipe,241,#I,243,#I,1,#I,#<WSStructure:0x000217dc2f68b8>,[10.933176000043732; 0.6431280000025725; 11.289792000045159; 0.0],#<WSStructure:0x000217dc2f64a8>,,#<WSStructure:0x000217dc2f6200>,,,,,277,#I,0.0,#I,false,,670.5599975585938,#I,304.8000183105469,#I,HW,#I,,,,,130.0,#I,,,,,,,,,0.0,#I,,,0.0,#I,,,,,,,1400.0,,,,,,,,,,,,,,,,,,,,,,,,,,,,,,,,,,,,,,,#I,,,,,,,,,,,,,,,,,,,,,,,,,,,,
wn_pipe,241,#I,247,#I,1,#I,#<WSStructure:0x000217dc2ec020>,[10.933176000043732; 0.6431280000025725; 10.674096000042697; 0.6248400000024993],#<WSStructure:0x000217dc2e7c00>,,#<WSStructure:0x000217dc2e79a8>,,,,,281,#I,0.0,#I,false,,135.63600158691406,#I,254.0,#I,HW,#I,,,,,130.0,#I,,,,,,,,,0.0,#I,,,0.0,#I,,,,,,,1400.0,,,,,,,,,,,,,,,,,,,,,,,,,,,,,,,,,,,,,,,#I,,,,,,,,,,,,,,,,,,,,,,,,,,,,
wn_pipe,239,#I,249,#I,1,#I,#<WSStructure:0x000217dc2dd958>,[10.899648000043598; 0.7040880000028163; 10.674096000042697; 0.5516880000022067],#<WSStructure:0x000217dc2dd598>,,#<WSStructure:0x000217dc2dd340>,,,,,283,#I,0.0,#I,false,,131.06399536132812,#I,304.8000183105469,#I,HW,#I,,,,,130.0,#I,,,,,,,,,0.0,#I,,,0.0,#I,,,,,,,1400.0,,,,,,,,,,,,,,,,,,,,,,,,,,,,,,,,,,,,,,,#I,,,,,,,,,,,,,,,,,,,,,,,,,,,,
wn_pipe,247,#I,249,#I,1,#I,#<WSStructure:0x000217dc2cf178>,[10.674096000042697; 0.6248400000024993; 10.674096000042697; 0.5516880000022067],#<WSStructure:0x000217dc2ced40>,,#<WSStructure:0x000217dc2cea98>,,,,,285,#I,0.0,#I,false,,3.0480000972747803,#I,304.8000183105469,#I,HW,#I,,,,,130.0,#I,,,,,,,,,0.0,#I,,,0.0,#I,,,,,,,1400.0,,,,,,,,,,,,,,,,,,,,,,,,,,,,,,,,,,,,,,,#I,,,,,,,,,,,,,,,,,,,,,,,,,,,,
wn_pipe,247,#I,255,#I,1,#I,#<WSStructure:0x000217dc2c4a48>,[10.674096000042697; 0.6248400000024993; 10.213848000040855; 0.7467600000029871],#<WSStructure:0x000217dc2c4688>,,#<WSStructure:0x000217dc2c4430>,,,,,287,#I,0.0,#I,false,,423.6719970703125,#I,254.0,#I,HW,#I,,,,,130.0,#I,,,,,,,,,0.0,#I,,,0.0,#I,,,,,,,1400.0,,,,,,,,,,,,,,,,,,,,,,,,,,,,,,,,,,,,,,,#I,,,,,,,,,,,,,,,,,,,,,,,,,,,,
wn_pipe,50,#I,255,#I,1,#I,#<WSStructure:0x000217dc2b6100>,[10.061448000040246; 0.9174480000036698; 10.213848000040855; 0.7467600000029871],#<WSStructure:0x000217dc2b5d40>,,#<WSStructure:0x000217dc2b5ae8>,,,,,289,#I,0.0,#I,false,,281.94000244140625,#I,254.0,#I,HW,#I,,,,,130.0,#I,,,,,,,,,0.0,#I,,,0.0,#I,,,,,,,1400.0,,,,,,,,,,,,,,,,,,,,,,,,,,,,,,,,,,,,,,,#I,,,,,,,,,,,,,,,,,,,,,,,,,,,,
wn_pipe,255,#I,253,#I,1,#I,#<WSStructure:0x000217dc2a7a88>,[10.213848000040855; 0.7467600000029871; 9.805416000039223; 0.573024000002292],#<WSStructure:0x000217dc2a76c8>,,#<WSStructure:0x000217dc2a7470>,,,,,291,#I,0.0,#I,false,,335.2799987792969,#I,254.0,#I,HW,#I,,,,,130.0,#I,,,,,,,,,0.0,#I,,,0.0,#I,,,,,,,1400.0,,,,,,,,,,,,,,,,,,,,,,,,,,,,,,,,,,,,,,,#I,,,,,,,,,,,,,,,,,,,,,,,,,,,,
wn_pipe,255,#I,251,#I,1,#I,#<WSStructure:0x000217dc29d420>,[10.213848000040855; 0.7467600000029871; 10.408920000041636; 0.33528000000134117],#<WSStructure:0x000217dc29d060>,,#<WSStructure:0x000217dc29ce08>,,,,,293,#I,0.0,#I,false,,335.2799987792969,#I,203.1999969482422,#I,HW,#I,,,,,130.0,#I,,,,,,,,,0.0,#I,,,0.0,#I,,,,,,,1400.0,,,,,,,,,,,,,,,,,,,,,,,,,,,,,,,,,,,,,,,#I,,,,,,,,,,,,,,,,,,,,,,,,,,,,
wn_pipe,249,#I,251,#I,1,#I,#<WSStructure:0x000217dc28ec18>,[10.674096000042697; 0.5516880000022067; 10.408920000041636; 0.33528000000134117],#<WSStructure:0x000217dc28e858>,,#<WSStructure:0x000217dc28e600>,,,,,295,#I,0.0,#I,false,,441.9599914550781,#I,304.8000183105469,#I,HW,#I,,,,,130.0,#I,,,,,,,,,0.0,#I,,,0.0,#I,,,,,,,1400.0,,,,,,,,,,,,,,,,,,,,,,,,,,,,,,,,,,,,,,,#I,,,,,,,,,,,,,,,,,,,,,,,,,,,,
wn_pipe,120,#I,257,#I,1,#I,#<WSStructure:0x000217dc284588>,[6.72998400002692; 7.040880000028164; 6.452616000025811; 7.107936000028432],#<WSStructure:0x000217dc2841a0>,,#<WSStructure:0x000217dc27fee8>,,,,,297,#I,0.0,#I,false,,196.5959930419922,#I,203.1999969482422,#I,HW,#I,,,,,130.0,#I,,,,,,,,,0.0,#I,,,0.0,#I,,,,,,,1400.0,,,,,,,,,,,,,,,,,,,,,,,,,,,,,,,,,,,,,,,#I,,,,,,,,,,,,,,,,,,,,,,,,,,,,
wn_pipe,257,#I,259,#I,1,#I,#<WSStructure:0x000217dc275f60>,[6.452616000025811; 7.107936000028432; 6.33984000002536; 7.132320000028529],#<WSStructure:0x000217dc275ba0>,,#<WSStructure:0x000217dc275948>,,,,,299,#I,0.0,#I,false,,106.68000030517578,#I,203.1999969482422,#I,HW,#I,,,,,130.0,#I,,,,,,,,,0.0,#I,,,0.0,#I,,,,,,,1400.0,,,,,,,,,,,,,,,,,,,,,,,,,,,,,,,,,,,,,,,#I,,,,,,,,,,,,,,,,,,,,,,,,,,,,
wn_pipe,259,#I,263,#I,1,#I,#<WSStructure:0x000217dc2678e8>,[6.33984000002536; 7.132320000028529; 6.193536000024775; 6.574536000026298],#<WSStructure:0x000217dc267528>,,#<WSStructure:0x000217dc2672d0>,,,,,301,#I,0.0,#I,false,,426.7200012207031,#I,203.1999969482422,#I,HW,#I,,,,,130.0,#I,,,,,,,,,0.0,#I,,,0.0,#I,,,,,,,1400.0,,,,,,,,,,,,,,,,,,,,,,,,,,,,,,,,,,,,,,,#I,,,,,,,,,,,,,,,,,,,,,,,,,,,,
wn_pipe,257,#I,261,#I,1,#I,#<WSStructure:0x000217dc25d1b8>,[6.452616000025811; 7.107936000028432; 6.336792000025347; 6.5379600000261515],#<WSStructure:0x000217dc25cd80>,,#<WSStructure:0x000217dc25cad8>,,,,,303,#I,0.0,#I,false,,426.7200012207031,#I,203.1999969482422,#I,HW,#I,,,,,130.0,#I,,,,,,,,,0.0,#I,,,0.0,#I,,,,,,,1400.0,,,,,,,,,,,,,,,,,,,,,,,,,,,,,,,,,,,,,,,#I,,,,,,,,,,,,,,,,,,,,,,,,,,,,
wn_pipe,117,#I,261,#I,1,#I,#<WSStructure:0x000217dc24e848>,[6.611112000026445; 6.486144000025945; 6.336792000025347; 6.5379600000261515],#<WSStructure:0x000217dc24e370>,,#<WSStructure:0x000217dc24e0c8>,,,,,305,#I,0.0,#I,false,,196.5959930419922,#I,304.8000183105469,#I,HW,#I,,,,,130.0,#I,,,,,,,,,0.0,#I,,,0.0,#I,,,,,,,1400.0,,,,,,,,,,,,,,,,,,,,,,,,,,,,,,,,,,,,,,,#I,,,,,,,,,,,,,,,,,,,,,,,,,,,,
wn_pipe,261,#I,263,#I,1,#I,#<WSStructure:0x000217dc1e65e0>,[6.336792000025347; 6.5379600000261515; 6.193536000024775; 6.574536000026298],#<WSStructure:0x000217dc1e61f8>,,#<WSStructure:0x000217dc1e5f78>,,,,,307,#I,0.0,#I,false,,106.68000030517578,#I,304.8000183105469,#I,HW,#I,,,,,130.0,#I,,,,,,,,,0.0,#I,,,0.0,#I,,,,,,,1400.0,,,,,,,,,,,,,,,,,,,,,,,,,,,,,,,,,,,,,,,#I,,,,,,,,,,,,,,,,,,,,,,,,,,,,
wn_pipe,265,#I,267,#I,1,#I,#<WSStructure:0x000217dc1d7bf8>,[7.738872000030955; 4.145280000016581; 7.126224000028505; 3.9471600000157885],#<WSStructure:0x000217dc1d7838>,,#<WSStructure:0x000217dc1d75e0>,,,,,309,#I,0.0,#I,false,,481.5840148925781,#I,203.1999969482422,#I,HW,#I,,,,,130.0,#I,,,,,,,,,0.0,#I,,,0.0,#I,,,,,,,1400.0,,,,,,,,,,,,,,,,,,,,,,,,,,,,,,,,,,,,,,,#I,,,,,,,,,,,,,,,,,,,,,,,,,,,,
wn_pipe,193,#I,267,#I,1,#I,#<WSStructure:0x000217dc1cd428>,[6.9738240000278955; 4.373880000017495; 7.126224000028505; 3.9471600000157885],#<WSStructure:0x000217dc1cd068>,,#<WSStructure:0x000217dc1cce10>,,,,,311,#I,0.0,#I,false,,356.6159973144531,#I,304.8000183105469,#I,HW,#I,,,,,130.0,#I,,,,,,,,,0.0,#I,,,0.0,#I,,,,,,,1400.0,,,,,,,,,,,,,,,,,,,,,,,,,,,,,,,,,,,,,,,#I,,,,,,,,,,,,,,,,,,,,,,,,,,,,
wn_pipe,269,#I,189,#I,1,#I,#<WSStructure:0x000217dc1be748>,[7.629144000030517; 3.7002720000148015; 7.360920000029443; 3.4655760000138622],#<WSStructure:0x000217dc1be2e8>,,#<WSStructure:0x000217dc1be090>,,,,,313,#I,0.0,#I,false,,196.9008026123047,#I,304.8000183105469,#I,HW,#I,,,,,130.0,#I,,,,,,,,,0.0,#I,,,0.0,#I,,,,,,,1400.0,,,,,,,,,,,,,,,,,,,,,,,,,,,,,,,,,,,,,,,#I,,,,,,,,,,,,,,,,,,,,,,,,,,,,
wn_pipe,181,#I,271,#I,1,#I,#<WSStructure:0x000217dc196298>,[7.839456000031357; 3.2735520000130944; 7.915656000031662; 3.3528000000134113],#<WSStructure:0x000217dc195e88>,,#<WSStructure:0x000217dc195c08>,,,,,315,#I,0.0,#I,false,,79.24800109863281,#I,609.6000366210938,#I,HW,#I,,,,,130.0,#I,,,,,,,,,0.0,#I,,,0.0,#I,,,,,,,1400.0,,,,,,,,,,,,,,,,,,,,,,,,,,,,,,,,,,,,,,,#I,,,,,,,,,,,,,,,,,,,,,,,,,,,,
wn_pipe,273,#I,275,#I,1,#I,#<WSStructure:0x000217dc1870e0>,[8.887968000035553; 2.2494240000089976; 9.470136000037881; 2.526792000010107],#<WSStructure:0x000217dc186c80>,,#<WSStructure:0x000217dc186a00>,,,,,317,#I,0.0,#I,false,,679.7039794921875,#I,203.1999969482422,#I,HW,#I,,,,,130.0,#I,,,,,,,,,0.0,#I,,,0.0,#I,,,,,,,1400.0,,,,,,,,,,,,,,,,,,,,,,,,,,,,,,,,,,,,,,,#I,,,,,,,,,,,,,,,,,,,,,,,,,,,,
wn_pipe,273,#I,205,#I,1,#I,#<WSStructure:0x000217dc165698>,[8.887968000035553; 2.2494240000089976; 8.900160000035601; 1.969008000007876],#<WSStructure:0x000217dc164ef0>,,#<WSStructure:0x000217dc164b80>,,,,,319,#I,0.0,#I,false,,196.5959930419922,#I,304.8000183105469,#I,HW,#I,,,,,130.0,#I,,,,,,,,,0.0,#I,,,0.0,#I,,,,,,,1400.0,,,,,,,,,,,,,,,,,,,,,,,,,,,,,,,,,,,,,,,#I,,,,,,,,,,,,,,,,,,,,,,,,,,,,
wn_pipe,163,#I,265,#I,1,#I,#<WSStructure:0x000217d8d21198>,[7.738872000030955; 4.565904000018264; 7.738872000030955; 4.145280000016581],#<WSStructure:0x000217d8d20bd0>,,#<WSStructure:0x000217d8d20630>,,,,,321,#I,0.0,#I,false,,365.760009765625,#I,762.0,#I,HW,#I,,,,,141.0,#I,,,,,,,,,0.0,#I,,,0.0,#I,,,,,,,1400.0,,,,,,,,,,,,,,,,,,,,,,,,,,,,,,,,,,,,,,,#I,,,,,,,,,,,,,,,,,,,,,,,,,,,,
wn_pipe,201,#I,275,#I,1,#I,#<WSStructure:0x000217d8a90320>,[9.415272000037662; 2.6121360000104485; 9.470136000037881; 2.526792000010107],#<WSStructure:0x000217dc013790>,,#<WSStructure:0x000217dc012868>,,,,,323,#I,0.0,#I,false,,91.44000244140625,#I,304.8000183105469,#I,HW,#I,,,,,130.0,#I,,,,,,,,,0.0,#I,,,0.0,#I,,,,,,,1400.0,,,,,,,,,,,,,,,,,,,,,,,,,,,,,,,,,,,,,,,#I,,,,,,,,,,,,,,,,,,,,,,,,,,,,
wn_pipe,269,#I,271,#I,1,#I,#<WSStructure:0x000217dbfd20d8>,[7.629144000030517; 3.7002720000148015; 7.915656000031662; 3.3528000000134113],#<WSStructure:0x000217dbfd1a70>,,#<WSStructure:0x000217dbfd0418>,,,,,325,#I,0.0,#I,false,,393.1919860839844,#I,203.1999969482422,#I,HW,#I,,,,,130.0,#I,,,,,,,,,0.0,#I,,,0.0,#I,,,,,,,1400.0,,,,,,,,,,,,,,,,,,,,,,,,,,,,,,,,,,,,,,,#I,,,,,,,,,,,,,,,,,,,,,,,,,,,,
wn_pipe,61,#I,123,#I,1,#I,#<WSStructure:0x000217dbf7e190>,[7.226808000028908; 8.848344000035395; 7.123176000028494; 8.324088000033296],#<WSStructure:0x000217dbf7dcb8>,,#<WSStructure:0x000217dbf7d8d0>,,,,,329,#I,0.0,#I,false,,13868.400390625,#I,762.0,#I,HW,#I,,,,,140.0,#I,,,,,,,,,0.0,#I,,,0.0,#I,,,,,,,1400.0,,,,,,,,,,,,,,,,,,,,,,,,,,,,,,,,,,,,,,,#I,,,,,,,,,,,,,,,,,,,,,,,,,,,,
wn_pipe,60,#I,601,#I,1,#I,#<WSStructure:0x000217dbf35080>,[7.2847200000291386; 9.125712000036504; 7.010400000028042; 8.988552000035954],#<WSStructure:0x000217dbf34b58>,,#<WSStructure:0x000217dbf34720>,,,,,330,#I,0.0,#I,false,,0.30480000376701355,#I,762.0,#I,HW,#I,,,,,140.0,#I,,,,,,,,,0.0,#I,,,0.0,#I,,,,,,,1400.0,,,,,,,,,,,,,,,,,,,,,,,,,,,,,,,,,,,,,,,#I,,,,,,,,,,,,,,,,,,,,,,,,,,,,
wn_pipe,601,#I,61,#I,1,#I,#<WSStructure:0x000217dbf25540>,[7.010400000028042; 8.988552000035954; 7.226808000028908; 8.848344000035395],#<WSStructure:0x000217dbf24f78>,,#<WSStructure:0x000217dbf24c58>,,,,,333,#I,0.0,#I,false,,0.30480000376701355,#I,762.0,#I,HW,#I,,,,,140.0,#I,,,,,,,,,0.0,#I,,,0.0,#I,,,,,,,1400.0,,,,,,,,,,,,,,,,,,,,,,,,,,,,,,,,,,,,,,,#I,,,,,,,,,,,,,,,,,,,,,,,,,,,,
